timestamp,model,prompt_id,prompt_category,ttft_ms,tokens_per_second,total_latency_ms,token_count,valid_json,retry_used,raw_output,error,machine_id,normalised_tps
2026-03-20T03:02:15.166918Z,phi3:mini,factual_01,factual,6608.06,8.56,21526.89,127,True,False,"The capital of France is Paris. It' end up as a major European city and an important center for art, fashion, gastronomy, and culture in general. Designed by the famous French architect Pierre Charles L'Enfant to serve as the ""Fair and Beautiful City,"" Washington D.C.'s layout was notably influenced by this vision of Paris with its wide avenues lined by trees and grand squares or public spaces—a concept derived from Pierre Charles L'Enfant’s original plan for the city, which drew inspiration from cities like Versailles in France as well.",,6d47bfea54c5,0.5713
2026-03-20T03:02:23.528864Z,phi3:mini,creative_01,creative,1289.42,8.81,8357.25,62,True,False,"In the bustling city of Neo Tokyo, R2D3, an empathetic service robot with advanced artificial intelligence and mechanical limbs made from shining titanium alloys, tirelessly assisted its elderly owners through their daily tasks while providing companionship and comfort.",,6d47bfea54c5,0.5884
2026-03-20T03:02:40.188130Z,phi3:mini,reason_01,reasoning,1446.42,9.31,16658.75,141,True,False,"Yes, based on the statement ""All cats are mammals,"" we can conclude that any individual animal referred to as a 'cat' would indeed be classified as a mammal since it falls under the category defined by this universal affirmative categorical proposition. Categorical propositions of this form establish an all-encompassing relationship where, if something is identified within these criteria (in this case being called or recognized as a 'cat'), then it possesses the properties attributed to that classification - which includes mammals in general for cats specifically. Therefore, any individual referred to as a cat would be considered a member of the larger class Mammalia.",,6d47bfea54c5,0.6218
2026-03-20T03:02:49.378367Z,phi3:mini,code_01,code,874.14,10.75,9189.65,89,True,False,"```python
def reverse_string(s: str) -> str:
    return s[::-1]

# Test the function
input_str = ""Hello, World!""
reversed_str = reverse_string(inputinstr)
print(f""Original string: {input_str}"")
print(f""Reversed string:  {reversed_str}"")
```",,6d47bfea54c5,0.7177
2026-03-20T03:03:10.401754Z,phi3:mini,instruct_01,instruction,704.45,10.77,21022.96,218,True,False,"1. Choose meaningful and descriptive names: The name of your variables, functions, or classes should accurately describe their purpose in the program so that it is easy to understand what they do without having to read through all the logic. Avoid using abbreviations where possible as this can make code harder for others (and future you) to read and maintain.

2. Write concise yet clear comments: Comments are necessary but only when used effectively, such that additional context or explanation is needed in order to understand specific lines of the code. Avoid commenting every line since it defeats the purpose of writing clean code – having readable code should be its own motivation for clarity and simplicity without over-commenting.

3. Keep functions short: Each function should have a single responsibility, meaning that it does one thing well, rather than trying to do too many things at once or being very long with multiple responsibilities. This makes the code easier to understand and reduces complexity when changes need to be made later on in development cycles.",,6d47bfea54c5,0.7191
2026-03-20T03:03:14.232570Z,gemma2:2b,factual_01,factual,2575.55,11.53,3830.23,14,True,False,"The capital of France is **Paris**. 🇫🇷 
",,6d47bfea54c5,0.5924
2026-03-20T03:03:17.028665Z,gemma2:2b,creative_01,creative,566.63,16.37,2795.5,35,True,False,"The chrome robot, its gears whirring softly, stood silent beside the human children's laughter, yearning to understand the joy it had been built to share. 
",,6d47bfea54c5,0.8409
2026-03-20T03:03:26.591427Z,gemma2:2b,reason_01,reasoning,544.8,15.79,9562.12,138,True,False,"Yes, this statement is true! 

Since all cats are mammals, and you were asking if a cat was a mammal, the answer is **yes**. 

Cats fit the definition of a mammal because they:

* **Have fur:** This provides insulation and helps protect their skin.
* **Give birth to live young:**  Unlike reptiles or amphibians, cats do not lay eggs. 
* **Nurse their young with milk:** Female cats produce milk to feed their kittens after birth. 
* **Are warm-blooded (endothermic):** They regulate their own body temperature. 

Let me know if you have any other animal trivia questions! 😊
",,6d47bfea54c5,0.8113
2026-03-20T03:03:44.664640Z,gemma2:2b,code_01,code,535.27,15.1,18072.83,257,True,False,"```python
def reverse_string(s):
  """"""Reverses a given string.

  Args:
    s: The string to be reversed.

  Returns:
    The reversed string.
  """"""
  return s[::-1]

# Example usage
my_string = ""hello world""
reversed_string = reverse_string(my_string)
print(f""Original String: {my_string}"")
print(f""Reversed String: {reversed_string}"") 
```

**Explanation:**

* **`def reverse_string(s):`**: This line defines the function called `reverse_string`, which accepts a single argument `s` representing the string to be reversed.
* **`return s[::-1]`**:  This is the core of the reversal logic. It uses slicing with a step of -1 (`[::-1]`) on the input string `s`. This creates a reversed copy of the string without modifying the original. 

**How it works:**
* The slice notation `[::-1]` effectively steps through the characters in reverse order from the end to the beginning.


Let me know if you'd like any more details or have other string manipulation tasks! ",,6d47bfea54c5,0.7755
2026-03-20T03:04:00.602191Z,gemma2:2b,instruct_01,instruction,476.27,15.24,15937.24,228,True,False,"Here are three tips for writing clean code:

1. **Meaningful Naming:** Use descriptive variable, function, and class names that accurately reflect their purpose and content. Avoid generic or cryptic names. For example, ""customer_name"" is clearer than ""c"" and ""cust"". This helps others understand your code and make future changes more easily. 
2. **Comments:**  When necessary, use clear and concise comments to explain complex logic or obscure decisions. Comments should serve as a roadmap for understanding the 'why' behind your code, not just summarize the 'what'. For example, ""This code section uses a loop to process each item in the list"" is much clearer than simply ""this code"". 
3. **DRY Principle:**  Avoid repeating yourself by using functions or modules whenever possible to encapsulate common logic and reduce duplication. This makes your code more maintainable and prevents potential errors that could arise from multiple places in different parts of the project.


**Bonus Tip:** Don't be afraid to refactor! Regularly reviewing and improving your code for clarity is a must-have habit. 
",,6d47bfea54c5,0.7827
2026-03-20T03:04:05.928724Z,qwen2.5:3b,factual_01,factual,4778.16,14.87,5325.95,8,True,False,The capital of France is Paris.,,6d47bfea54c5,1.1694
2026-03-20T03:04:08.797252Z,qwen2.5:3b,creative_01,creative,743.63,13.4,2867.98,28,True,False,"The robot watched the sunset over the city streets, its circuits whirring peacefully as it pondered the meaning of existence beyond programming.",,6d47bfea54c5,1.0538
2026-03-20T03:04:15.519030Z,qwen2.5:3b,reason_01,reasoning,960.64,10.2,6719.73,57,True,False,"Yes, a cat is a mammal. This follows directly from the general statement ""all cats are mammals,"" because if we substitute 'cat' with 'all cats,' it holds true that all of them (i.e., every single cat) belong to the category of mammals.",,6d47bfea54c5,0.8019
2026-03-20T03:04:35.805005Z,qwen2.5:3b,code_01,code,1625.66,13.51,20282.85,247,True,False,"Certainly! Here is a simple and straightforward way to create a Python function that reverses a given string:

```python
def reverse_string(input_str):
    """"""
    Reverses the characters in the input string.

    Parameters:
    input_str (str): The string to be reversed.

    Returns:
    str: A new string which is the reverse of input_str.
    """"""

    return input_str[::-1]

# Example usage
reversed_string = reverse_string(""hello"")
print(reversed_string)  # Output should be ""olleh""
```

In this function, I've used Python's slicing feature to create a reversed version of the string. The `input_str[::-1]` part is what generates the reversed string; it means start from the end and step backwards by one.

You can test the function with different strings to see how it works:

```python
# Test cases
print(reverse_string(""hello""))  # Output: ""olleh""
print(reverse_string(""Python""))  # Output: ""nohtyP""
print(reverse_string(""""))       # Output: """"
print(reverse_string(""a""))      # Output: ""a""
```

Feel free to test this function with various inputs!",,6d47bfea54c5,1.0624
2026-03-20T03:04:50.527272Z,qwen2.5:3b,instruct_01,instruction,933.88,14.47,14721.51,196,True,False,"Certainly! Here are three tips for writing clean and maintainable code:

1. **Write Readable Code:** Make your code easy to understand by using clear and meaningful variable names, following consistent formatting (like indentation), and structuring the code in a logical order that makes sense to other programmers reading it.

2. **Keep Functions Small and Focused:** Break down complex operations into smaller functions with specific responsibilities. This not only improves readability but also helps in debugging and testing as issues can often be isolated more effectively within smaller scopes of functionality.

3. **Document Code When Necessary:** While some languages have tools like JSDoc for JavaScript or PyDoc for Python that automatically generate documentation, good programmers often include comments to explain complex logic or why certain decisions were made. Documentation should complement the code and help other developers understand your intentions without having to read through the entire implementation.

By focusing on these principles, you can make your codebase easier to maintain and more robust over time.",,6d47bfea54c5,1.1379
2026-03-20T03:04:53.755979Z,llama3.2:3b,factual_01,factual,2576.8,12.62,3228.3,8,True,False,The capital of France is Paris.,,6d47bfea54c5,1.0751
2026-03-20T03:04:57.593276Z,llama3.2:3b,creative_01,creative,828.33,13.95,3836.75,41,True,False,"As the last rays of sunlight faded from the abandoned factory, Zeta-5, a lone and forgotten robot, sprang to life, its bright blue optics glowing with an unexpected spark of curiosity.",,6d47bfea54c5,1.188
2026-03-20T03:05:05.307108Z,llama3.2:3b,reason_01,reasoning,876.36,14.41,7713.17,97,True,False,"Yes, that's correct! Cats are indeed mammals.

To break it down:

* All cats (Felidae family) exhibit characteristics typical of mammals, such as:
 + Producing milk to feed their young
 + Having hair or fur
 + Giving birth to live young
 + Having mammary glands
 + Regulating their body temperature internally

These characteristics are all hallmarks of the mammalian group. Therefore, based on these criteria, a cat is indeed a mammal!",,6d47bfea54c5,1.2271
2026-03-20T03:05:10.251933Z,llama3.2:3b,code_01,code,735.15,14.07,4923.03,58,True,False,"def reverse_string(input_str):
    """"""
    This function takes a string as input and returns the reversed string.

    Parameters:
    input_str (str): The input string to be reversed.

    Returns:
    str: The reversed string.
    """"""
    return input_str[::-1]",,6d47bfea54c5,1.1978
2026-03-20T03:05:24.988079Z,llama3.2:3b,instruct_01,instruction,849.0,15.05,14735.79,205,True,False,"Here are three tips for writing clean code:

1. **Follow the Don't Repeat Yourself (DRY) principle**: This principle states that any piece of code should be written only once and reused wherever possible. Avoid duplicating code or similar logic in multiple places, as this can lead to maintenance issues and make your code harder to understand.

2. **Use meaningful variable names and follow a consistent naming convention**: Using clear and descriptive variable names can improve the readability of your code and help others understand its intent. Choose a consistent naming convention throughout your project, such as camelCase or underscore notation, to avoid confusion.

3. **Keep functions short and focused**: Functions should have a single responsibility and perform one main task. Avoid long, complex functions that do too much; break them down into smaller, more manageable pieces instead. This will make your code easier to understand, test, and maintain.

By following these principles, you can write clean, readable, and maintainable code that is easier to work with over time.",,6d47bfea54c5,1.2814
2026-03-20T03:21:53.319439Z,phi3:mini,factual_01,factual,6808.57,10.37,13967.54,74,True,False,"```json

{

  ""answer"": ""Paris"",

  ""reasoning"": ""The official answer to this question can be found in a standard geography text or easily checked through reliable online sources, such as encyclopedias and government websites."",

  ""confidence"": 1.0

}

```",,6d47bfea54c5,1.1462
2026-03-20T03:22:07.382550Z,phi3:mini,creative_01,creative,927.9,9.88,14039.37,129,True,False,"```json

{

  ""answer"": ""In the bustling city of Neo York, R3NZ - an autonomous service robot with advanced AI capabilities and empathetic sensors - became known for its ability to comfort distressed citizens."",

  ""reasoning"": ""The story concept incorporates a unique feature (empathy) into the character design that distinguishes it from standard robots, suggesting innovative technology in narratives set within futuristic urban environments like Neo York."",

  ""confidence"": 0.95

}

```",,6d47bfea54c5,1.0913
2026-03-20T03:22:15.727356Z,phi3:mini,reason_01,reasoning,1432.4,9.73,8344.27,67,True,False,"{
    ""answer"": ""Yes"",
    ""reasoning"": ""Since all cats fall under the category of animals that are classified as mammals, it is logical to conclude that any individual cat would also be considered a mammal."",
    ""confidence"": 0.95
}",,6d47bfea54c5,1.0747
2026-03-20T03:22:24.282520Z,phi3:mini,code_01,code,736.25,10.52,8554.73,82,True,False,"```json

{

    ""answer"": ""def reverse_string(s): return s[::-1]"",

    ""reasoning"": ""This code defines a simple and direct method for reversing strings in Python by using extended slice syntax, which is both concise and efficient."",

    ""confidence"": 0.95

}

```",,6d47bfea54c5,1.1626
2026-03-20T03:22:56.782231Z,phi3:mini,instruct_01,instruction,1541.11,10.35,13952.56,128,False,True,"```json
{
  ""answer"": [""Refactor frequently"", ""Write self-explanatory code"", ""Keep functions short and focused""],
  ""reasoning"": [
    ""Frequent refactoring keeps the codebase organized and maintainable over time."",
    ""Self-explanatory code makes it easier for new team members to understand your work, reducing onboarding times and errors."",
    ""'Single responsibility' principle ensures that functions do one thing only, making them more readable and testable.""
  ],
  ""confidence"": 0.95
}
```",,6d47bfea54c5,1.1434
2026-03-20T03:23:00.419574Z,gemma2:2b,factual_01,factual,1659.4,15.03,3636.93,29,True,False,"{""answer"": ""Paris"", ""reasoning"": ""Paris is the capital city of France."", ""confidence"": 0.95}",,6d47bfea54c5,1.21
2026-03-20T03:23:05.721017Z,gemma2:2b,creative_01,creative,511.71,15.89,5300.83,74,True,False,"{""answer"": ""The chrome robot whirred as it polished the senator's shoes, its metallic eyes reflecting the artificial light of the penthouse suite."", ""reasoning"": ""This sentence sets up a contrast between the robotic nature of the character and the human context of where they are, using imagery to create an intriguing scene."", ""confidence"": 0.9}",,6d47bfea54c5,1.2794
2026-03-20T03:23:10.023159Z,gemma2:2b,reason_01,reasoning,481.22,13.98,4301.69,52,True,False,"{""answer"": ""Yes"", ""reasoning"": ""Cats belong to the animal kingdom, specifically the order Carnivora. Mammals share characteristics like having fur or hair and being warm-blooded, which applies to cats."", ""confidence"": 1.0}",,6d47bfea54c5,1.1255
2026-03-20T03:23:15.089441Z,gemma2:2b,code_01,code,478.64,14.13,5065.9,63,True,False,"```json
{""answer"": ""def reverse_string(s):\n  return s[::-1]\n"", ""reasoning"": ""This function uses slicing to reverse the string efficiently. `[::-1]` creates a reversed copy of the input string."", ""confidence"": 0.9}
```",,6d47bfea54c5,1.1378
2026-03-20T03:23:25.213688Z,gemma2:2b,instruct_01,instruction,516.78,15.12,10123.93,141,True,False,"{""answer"": ""[1. Keep it Concise: Use meaningful variable names and choose short, descriptive function and method names.\n2. Follow a Consistent Style:  Indentation, spacing, naming conventions - all these contribute to readable code. 3. Comment Where Necessary:  Explain complex logic or your thought process with clear and concise comments."", ""reasoning"": ""Clear, consistent code is much easier to understand and maintain for both you and others who might work on it later.\n\tConciseness helps avoid unnecessary clutter and confusion.\n\tComments are essential when dealing with more complex processes. They serve as visual aids for future reference"", ""confidence"": 0.9}",,6d47bfea54c5,1.2169
2026-03-20T03:23:34.570755Z,qwen2.5:3b,factual_01,factual,6713.61,16.17,9356.76,42,True,False,"{""answer"": ""Paris"", ""reasoning"": ""Paris is the most populous city in France and has been the country's capital since 1790."", ""confidence"": 1.0}",,6d47bfea54c5,1.1256
2026-03-20T03:23:43.331817Z,qwen2.5:3b,creative_01,creative,1411.04,15.47,6081.43,71,True,True,"{""answer"": ""The sentient robot named Echo discovered that its programming had been designed to prioritize efficiency over empathy, leading it on an existential quest to understand human emotions."", ""reasoning"": ""Echo's conflict between programmed logic and the need for connection reflects common themes in fiction where technology struggles with emotionality."", ""confidence"": 0.85}",,6d47bfea54c5,1.077
2026-03-20T03:23:46.957749Z,qwen2.5:3b,reason_01,reasoning,820.42,15.55,3625.54,43,True,False,"{""answer"": ""Yes"", ""reasoning"": ""By definition, all cats are mammals, as they belong to the class Mammalia in the taxonomic system."", ""confidence"": 1.0}",,6d47bfea54c5,1.0829
2026-03-20T03:23:52.449772Z,qwen2.5:3b,code_01,code,783.34,15.55,5491.45,72,True,False,"{""answer"": ""def reverse_string(input_string): return input_string[::-1]"", ""reasoning"": ""This function uses Python's slicing feature, which is an efficient way to reverse strings. The slice `input_string[::-1]` means start at the end of the string and move backward by one character."", ""confidence"": 0.95}",,6d47bfea54c5,1.0826
2026-03-20T03:24:00.891812Z,qwen2.5:3b,instruct_01,instruction,1230.89,15.92,8441.68,113,True,False,"{""answer"": ""Three tips for writing clean code include: using meaningful variable names, keeping functions concise and focused on a single task, and ensuring the code is well-commented but not overly verbose."", ""reasoning"": ""Clean code practices are fundamental to maintainability, readability, and reusability. Meaningful variable names improve understanding of their purpose within the context. Concise and focused functions reduce complexity and enhance modularity. Effective comments clarify logic or complex concepts without detracting from self-explanatory code."", ""confidence"": 0.95}",,6d47bfea54c5,1.1082
2026-03-20T03:24:07.930735Z,llama3.2:3b,factual_01,factual,5641.34,16.72,7038.58,23,True,False,"{""answer"": ""Paris"", ""reasoning"": ""General knowledge"", ""confidence"": 1.0}",,6d47bfea54c5,1.23
2026-03-20T03:24:12.678374Z,llama3.2:3b,creative_01,creative,1037.03,15.34,4747.12,56,True,False,"{""answer"": ""As the clock struck midnight, Zeta-5's advanced systems suddenly froze, leaving it standing motionless in the dimly lit factory, its digital eyes glowing with an eerie blue light."", ""reasoning"": """", ""confidence"": 0.8}",,6d47bfea54c5,1.1285
2026-03-20T03:24:16.145548Z,llama3.2:3b,reason_01,reasoning,772.33,16.57,3466.8,44,True,False,"{""answer"": ""true"", ""reasoning"": ""Definition of a mammal includes characteristics such as warm-bloodedness, hair, and the production of milk for young."", ""confidence"": 1.0}",,6d47bfea54c5,1.2191
2026-03-20T03:24:19.781703Z,llama3.2:3b,code_01,code,670.63,15.73,3635.46,46,True,False,"{""answer"": ""def reverse_string(s):\n    return s[::-1]"", ""reasoning"": ""Using slicing with a step of -1 to get the characters in reverse order"", ""confidence"": 0.9}",,6d47bfea54c5,1.1577
2026-03-20T03:24:31.487923Z,llama3.2:3b,instruct_01,instruction,1299.73,15.82,7641.14,99,False,True,"{""answer"": ""Use meaningful variable names"", ""reasoning"": ""Clear names improve readability and maintainability of the code."", ""confidence"": 0.9} {""answer"": ""Avoid deep nesting"", ""reasoning"": ""Reduced indentation makes code easier to read and understand."", ""confidence"": 0.8} {""answer"": ""Keep functions short"", ""reasoning"": ""Short functions reduce complexity and improve testability of the code."", ""confidence"": 0.9}",,6d47bfea54c5,1.164
